{"type": "block", "layer": 0, "block": 5, "features": [{"geom": {"polygons": [[[[-52.16123026114656, 38.348371451720595], [-54.09963026101468, 31.16897145099938], [-54.51843026059214, 31.2427714522928], [-68.05773026187671, 33.62957145087421], [-74.06543026072904, 34.688671451061964], [-74.19283026183257, 34.711171451956034], [-74.19063026137883, 34.726171450689435], [-74.19003026041901, 34.72937145084143], [-73.56903026107466, 38.195971451699734], [-72.86383026029216, 42.13317145220935], [-71.61623026215238, 49.09737145155668], [-70.80523026222363, 53.625371450558305], [-69.57083026145119, 60.515571450814605], [-52.93763026059605, 57.53597145155072], [-49.73863026074832, 56.96297145076096], [-48.65383026137715, 56.76857145130634], [-47.62023026170209, 56.58337145112455], [-47.97483026178088, 54.57297145202756], [-48.3412302613724, 52.49657145142555], [-51.140630260983016, 42.12777145206928], [-52.16123026114656, 38.348371451720595]]]], "centroids": [[-61.25186725525418, 45.94117624685168, 2780.0]], "h": 8.0}, "mtl": {"face": 0}, "prop": ["001001010", "4", "8,000"]}, {"geom": {"polygons": [[[[-44.15583026048262, 53.4695714507252], [-47.4040302617359, 41.45837145112455], [-51.140630260983016, 42.12777145206928], [-48.3412302613724, 52.49657145142555], [-47.97483026178088, 54.57297145202756], [-44.15583026048262, 53.4695714507252]]]], "centroids": [[-47.6346542374813, 47.92222728766501, 2780.0]], "h": 2.0}, "mtl": {"face": 0}, "prop": ["001001011", "1", "2,000"]}, {"geom": {"polygons": [[[[75.74576973862713, 313.92337145097554], [76.27016973838909, 311.82597145065665], [75.12936973787146, 305.0803714506328], [72.45936973858625, 290.15037145093083], [55.49336973921163, 293.1768714506179], [55.499369738972746, 293.2103714514524], [56.009369738807436, 296.0703714508563], [56.08936973824166, 296.48037145100534], [60.00936973822536, 318.5003714505583], [70.19136973837158, 316.42797145061195], [74.2309697373421, 315.6129714511335], [75.74576973862713, 313.92337145097554]], [[63.574569737538695, 294.5501714516431], [67.70096973929321, 293.8441714514047], [68.22936973965261, 297.0003714505583], [68.69576973916264, 296.921871451661], [70.30636973929359, 305.4443714506924], [71.42356973944698, 311.4443714506924], [69.3553697388852, 311.85137145221233], [65.68346973828739, 312.56587145105004], [64.37016973865684, 312.82137145102024], [62.01156973862089, 313.28027145192027], [58.91306973743485, 295.960071451962], [58.80516973830527, 295.3574714511633], [61.98276973963948, 294.82067145220935], [63.574569737538695, 294.5501714516431]]]], "centroids": [[66.79583450063365, 304.52291634120047, 2780.0]], "h": 2.0}, "mtl": {"face": 0}, "prop": ["002001001", "1", "2,000"]}, {"geom": {"polygons": [[[[70.30636973929359, 305.4443714506924], [68.69576973916264, 296.921871451661], [68.22936973965261, 297.0003714505583], [67.70096973929321, 293.8441714514047], [63.574569737538695, 294.5501714516431], [61.98276973963948, 294.82067145220935], [58.80516973830527, 295.3574714511633], [58.91306973743485, 295.960071451962], [62.01156973862089, 313.28027145192027], [64.37016973865684, 312.82137145102024], [65.68346973828739, 312.56587145105004], [69.3553697388852, 311.85137145221233], [71.42356973944698, 311.4443714506924], [70.30636973929359, 305.4443714506924]]]], "centroids": [[65.05774942721473, 303.55972655676305, 2780.0]], "h": 4.0}, "mtl": {"face": 0}, "prop": ["001001001", "2", "4,000"]}], "featureCount": 4, "startIndex": 250}